<?xml version="1.0" encoding="UTF-8"?>
<library xmlns="http://www.netbeans.org/ns/library-declaration/3" version="3.0">
    <name>MySQL</name>
    <type>j2se</type>
    <display-name>MySQL</display-name>
    <volume>
        <type>classpath</type>
        <resource>jar:file:/C:/Program%20Files%20(x86)/MySQL/Connector%20J%208.0/mysql-connector-java-8.0.28.jar!/</resource>
    </volume>
    <volume>
        <type>src</type>
    </volume>
    <volume>
        <type>javadoc</type>
    </volume>
    <volume>
        <type>maven-pom</type>
    </volume>
    <properties/>
</library>
