<?xml version="1.0" encoding="UTF-8"?>
<!DOCTYPE platform PUBLIC "-//NetBeans//DTD Java PlatformDefinition 1.0//EN" "http://www.netbeans.org/dtds/java-platformdefinition-1_0.dtd">
<platform default="yes" name="JDK 17 (Default)">
    <properties>
        <property name="platform.ant.name" value="default_platform"/>
    </properties>
    <javadoc>
        <resource>jar:file:/C:/Users/elfisu/Downloads/jdk-18.0.1.1_doc-all.zip!/</resource>
        <resource>https://docs.oracle.com/javase/8/docs/api/java/sql/package-summary.html/</resource>
        <resource>https://docs.oracle.com/en/java/javase/17/docs/api/</resource>
    </javadoc>
</platform>
